{"cameraMode":{"drawMode":0,"name":"Shaded","section":"Shading Mode"},"sceneLighting":true,"audioPlay":false,"sceneViewState":{"m_AlwaysRefresh":false,"showFog":true,"showSkybox":true,"showFlares":true,"showImageEffects":true,"showParticleSystems":true,"showVisualEffectGraphs":true,"m_FxEnabled":true},"in2DMode":false,"pivot":{"x":1.0430033206939698,"y":3.8431155681610109,"z":4.310094833374023},"rotation":{"x":0.06918727606534958,"y":-0.9141795039176941,"z":0.35826531052589419,"w":0.17655423283576966},"size":1.5262548923492432,"orthographic":false}