{"cameraMode":{"drawMode":0,"name":"Shaded","section":"Shading Mode"},"sceneLighting":true,"audioPlay":false,"sceneViewState":{"m_AlwaysRefresh":false,"showFog":true,"showSkybox":true,"showFlares":true,"showImageEffects":true,"showParticleSystems":true,"showVisualEffectGraphs":true,"m_FxEnabled":true},"in2DMode":false,"pivot":{"x":6.246933460235596,"y":-5.5018792152404789,"z":-9.514384269714356},"rotation":{"x":0.010991479270160199,"y":0.9733539819717407,"z":-0.2243119329214096,"w":0.047354988753795627},"size":12.669951438903809,"orthographic":false}